image,path,class,subplane,patient,machine,distance,level,badge,reasons,overlap,peak_on_skull,skull_found,ga_weeks,half_days,verdict_Yes,label_Yes,verdict_No,label_No,verdict_Not sure,label_Not sure
Patient00773_Plane2_1_of_1,/home/user/data_fetal_planes_unzipped/Images/Patient00773_Plane2_1_of_1.png,Fetal abdomen,Not A Brain,773,Voluson E6,0.14703118801116943,good,Limited,"the heatmap is not on the skull (27% of it on the skull, peak outside)",0.2739946246147156,False,True,23.001024704971584,17.857658808923354,Not cryptic,May be not cryptic: the pregnancy was known,Cryptic,May be consistent with a cryptic pregnancy,Possibly cryptic,May be cryptic: answer the question above to confirm
Patient00813_Plane2_1_of_1,/home/user/data_fetal_planes_unzipped/Images/Patient00813_Plane2_1_of_1.png,Fetal abdomen,Not A Brain,813,Aloka,0.18043231964111328,good,Limited,"the heatmap is not on the skull (3% of it on the skull, peak outside)",0.029330559074878693,False,True,20.047929320641384,17.857658808923354,Not cryptic,Borderline around 20 weeks: it could fall on either side,Possibly cryptic,Borderline around 20 weeks: it could fall on either side,Possibly cryptic,Borderline around 20 weeks: it could fall on either side
Patient00724_Plane2_1_of_1,/home/user/data_fetal_planes_unzipped/Images/Patient00724_Plane2_1_of_1.png,Fetal abdomen,Not A Brain,724,Other,0.17708003520965576,good,Limited,the heatmap is not on the skull (49% of it on the skull),0.48848891258239746,True,True,26.899656638980527,17.857658808923354,Not cryptic,May be not cryptic: the pregnancy was known,Cryptic,May be consistent with a cryptic pregnancy,Possibly cryptic,May be cryptic: answer the question above to confirm
Patient00740_Plane2_1_of_1,/home/user/data_fetal_planes_unzipped/Images/Patient00740_Plane2_1_of_1.png,Fetal abdomen,Not A Brain,740,Aloka,0.19865190982818604,reduced,Limited,the image is unusual compared with the training scans (above their 90th percentile),0.5388252139091492,True,True,21.00717590175955,20.540880384244726,Not cryptic,Borderline around 20 weeks: it could fall on either side,Possibly cryptic,Borderline around 20 weeks: it could fall on either side,Possibly cryptic,Borderline around 20 weeks: it could fall on either side
Patient00680_Plane2_1_of_1,/home/user/data_fetal_planes_unzipped/Images/Patient00680_Plane2_1_of_1.png,Fetal abdomen,Not A Brain,680,Other,0.17968463897705078,good,Limited,the heatmap is not on the skull (30% of it on the skull),0.30081334710121155,True,True,26.813963480241128,17.857658808923354,Not cryptic,May be not cryptic: the pregnancy was known,Cryptic,May be consistent with a cryptic pregnancy,Possibly cryptic,May be cryptic: answer the question above to confirm
Patient01012_Plane2_1_of_1,/home/user/data_fetal_planes_unzipped/Images/Patient01012_Plane2_1_of_1.png,Fetal abdomen,Not A Brain,1012,Aloka,0.19581633806228638,reduced,Limited,the image is unusual compared with the training scans (above their 90th percentile),0.6356288194656372,True,True,19.421843274235687,18.90099952550291,Not cryptic,Borderline around 20 weeks: it could fall on either side,Possibly cryptic,Borderline around 20 weeks: it could fall on either side,Possibly cryptic,Borderline around 20 weeks: it could fall on either side
Patient01763_Plane2_1_of_1,/home/user/data_fetal_planes_unzipped/Images/Patient01763_Plane2_1_of_1.png,Fetal abdomen,Not A Brain,1763,Voluson S10,0.1683756709098816,good,Limited,"the heatmap is not on the skull (38% of it on the skull, peak outside)",0.3750413656234741,False,True,25.79213864155252,17.857658808923354,Not cryptic,May be not cryptic: the pregnancy was known,Cryptic,May be consistent with a cryptic pregnancy,Possibly cryptic,May be cryptic: answer the question above to confirm
Patient01441_Plane2_1_of_2,/home/user/data_fetal_planes_unzipped/Images/Patient01441_Plane2_1_of_2.png,Fetal abdomen,Not A Brain,1441,Voluson S10,0.1821872591972351,good,Limited,the heatmap is not on the skull (39% of it on the skull),0.38538339734077454,True,True,23.43190746692611,17.857658808923354,Not cryptic,May be not cryptic: the pregnancy was known,Cryptic,May be consistent with a cryptic pregnancy,Possibly cryptic,May be cryptic: answer the question above to confirm
Patient01580_Plane2_1_of_1,/home/user/data_fetal_planes_unzipped/Images/Patient01580_Plane2_1_of_1.png,Fetal abdomen,Not A Brain,1580,Voluson E6,0.1803954839706421,good,Limited,"the heatmap is not on the skull (11% of it on the skull, peak outside)",0.10754803568124771,False,True,17.781612408548217,17.857658808923354,Not cryptic,Borderline around 20 weeks: it could fall on either side,Possibly cryptic,Borderline around 20 weeks: it could fall on either side,Possibly cryptic,Borderline around 20 weeks: it could fall on either side
Patient01015_Plane2_1_of_1,/home/user/data_fetal_planes_unzipped/Images/Patient01015_Plane2_1_of_1.png,Fetal abdomen,Not A Brain,1015,Voluson E6,0.18007200956344604,good,Limited,"the heatmap is not on the skull (25% of it on the skull, peak outside)",0.250099778175354,False,True,21.37042119270762,17.857658808923354,Not cryptic,Borderline around 20 weeks: it could fall on either side,Possibly cryptic,Borderline around 20 weeks: it could fall on either side,Possibly cryptic,Borderline around 20 weeks: it could fall on either side
Patient00777_Plane2_2_of_2,/home/user/data_fetal_planes_unzipped/Images/Patient00777_Plane2_2_of_2.png,Fetal abdomen,Not A Brain,777,Voluson E6,0.14877557754516602,good,Limited,"the heatmap is not on the skull (25% of it on the skull, peak outside)",0.2481885850429535,False,True,22.531820622374564,17.857658808923354,Not cryptic,Borderline around 20 weeks: it could fall on either side,Possibly cryptic,Borderline around 20 weeks: it could fall on either side,Possibly cryptic,Borderline around 20 weeks: it could fall on either side
Patient00853_Plane2_1_of_1,/home/user/data_fetal_planes_unzipped/Images/Patient00853_Plane2_1_of_1.png,Fetal abdomen,Not A Brain,853,Aloka,0.15688884258270264,good,Limited,"the heatmap is not on the skull (32% of it on the skull, peak outside)",0.3153332471847534,False,True,19.68136150242083,17.857658808923354,Not cryptic,Borderline around 20 weeks: it could fall on either side,Possibly cryptic,Borderline around 20 weeks: it could fall on either side,Possibly cryptic,Borderline around 20 weeks: it could fall on either side
Patient00794_Plane2_1_of_1,/home/user/data_fetal_planes_unzipped/Images/Patient00794_Plane2_1_of_1.png,Fetal abdomen,Not A Brain,794,Aloka,0.17848271131515503,good,Limited,the heatmap is not on the skull (50% of it on the skull),0.4992911219596863,True,True,29.461764092980196,17.857658808923354,Not cryptic,May be not cryptic: the pregnancy was known,Cryptic,May be consistent with a cryptic pregnancy,Possibly cryptic,May be cryptic: answer the question above to confirm
Patient01657_Plane2_1_of_1,/home/user/data_fetal_planes_unzipped/Images/Patient01657_Plane2_1_of_1.png,Fetal abdomen,Not A Brain,1657,Aloka,0.178966224193573,good,Limited,"the heatmap is not on the skull (1% of it on the skull, peak outside)",0.010689557529985905,False,True,17.919698364561167,17.857658808923354,Not cryptic,Borderline around 20 weeks: it could fall on either side,Possibly cryptic,Borderline around 20 weeks: it could fall on either side,Possibly cryptic,Borderline around 20 weeks: it could fall on either side
Patient01031_Plane2_2_of_2,/home/user/data_fetal_planes_unzipped/Images/Patient01031_Plane2_2_of_2.png,Fetal abdomen,Not A Brain,1031,Aloka,0.17478638887405396,good,Limited,"the heatmap is not on the skull (8% of it on the skull, peak outside)",0.08260507136583328,False,True,18.577548381345355,17.857658808923354,Not cryptic,Borderline around 20 weeks: it could fall on either side,Possibly cryptic,Borderline around 20 weeks: it could fall on either side,Possibly cryptic,Borderline around 20 weeks: it could fall on either side
Patient01741_Plane2_1_of_1,/home/user/data_fetal_planes_unzipped/Images/Patient01741_Plane2_1_of_1.png,Fetal abdomen,Not A Brain,1741,Aloka,0.15537899732589722,good,Limited,"the heatmap is not on the skull (14% of it on the skull, peak outside)",0.13576862215995789,False,True,20.33548843655661,17.857658808923354,Not cryptic,Borderline around 20 weeks: it could fall on either side,Possibly cryptic,Borderline around 20 weeks: it could fall on either side,Possibly cryptic,Borderline around 20 weeks: it could fall on either side
Patient00815_Plane2_1_of_1,/home/user/data_fetal_planes_unzipped/Images/Patient00815_Plane2_1_of_1.png,Fetal abdomen,Not A Brain,815,Other,0.20206069946289062,reduced,Limited,the image is unusual compared with the training scans (above their 90th percentile),0.538061797618866,True,True,21.371730396964978,22.512267227862846,Not cryptic,Borderline around 20 weeks: it could fall on either side,Possibly cryptic,Borderline around 20 weeks: it could fall on either side,Possibly cryptic,Borderline around 20 weeks: it could fall on either side
Patient01567_Plane2_1_of_3,/home/user/data_fetal_planes_unzipped/Images/Patient01567_Plane2_1_of_3.png,Fetal abdomen,Not A Brain,1567,Voluson S10,0.17151260375976562,good,Limited,"the heatmap is not on the skull (29% of it on the skull, peak outside)",0.2914530336856842,False,True,23.969608120013305,17.857658808923354,Not cryptic,May be not cryptic: the pregnancy was known,Cryptic,May be consistent with a cryptic pregnancy,Possibly cryptic,May be cryptic: answer the question above to confirm
Patient01780_Plane2_2_of_2,/home/user/data_fetal_planes_unzipped/Images/Patient01780_Plane2_2_of_2.png,Fetal abdomen,Not A Brain,1780,Voluson S10,0.14803755283355713,good,Limited,"the heatmap is not on the skull (30% of it on the skull, peak outside)",0.3001597821712494,False,True,27.200747590464236,17.857658808923354,Not cryptic,May be not cryptic: the pregnancy was known,Cryptic,May be consistent with a cryptic pregnancy,Possibly cryptic,May be cryptic: answer the question above to confirm
Patient01078_Plane2_2_of_3,/home/user/data_fetal_planes_unzipped/Images/Patient01078_Plane2_2_of_3.png,Fetal abdomen,Not A Brain,1078,Aloka,0.15948665142059326,good,Limited,the heatmap is not on the skull (43% of it on the skull),0.4294315576553345,True,True,24.54425965951176,17.857658808923354,Not cryptic,May be not cryptic: the pregnancy was known,Cryptic,May be consistent with a cryptic pregnancy,Possibly cryptic,May be cryptic: answer the question above to confirm
Patient01173_Plane2_1_of_1,/home/user/data_fetal_planes_unzipped/Images/Patient01173_Plane2_1_of_1.png,Fetal abdomen,Not A Brain,1173,Voluson E6,0.15971124172210693,good,Limited,"the heatmap is not on the skull (25% of it on the skull, peak outside)",0.24623166024684906,False,True,22.79508652748494,17.857658808923354,Not cryptic,May be not cryptic: the pregnancy was known,Cryptic,May be consistent with a cryptic pregnancy,Possibly cryptic,May be cryptic: answer the question above to confirm
Patient01058_Plane2_1_of_2,/home/user/data_fetal_planes_unzipped/Images/Patient01058_Plane2_1_of_2.png,Fetal abdomen,Not A Brain,1058,Aloka,0.16270524263381958,good,Limited,"the heatmap is not on the skull (9% of it on the skull, peak outside)",0.09187453240156174,False,True,23.023079380609488,17.857658808923354,Not cryptic,May be not cryptic: the pregnancy was known,Cryptic,May be consistent with a cryptic pregnancy,Possibly cryptic,May be cryptic: answer the question above to confirm
Patient01063_Plane5_2_of_2,/home/user/data_fetal_planes_unzipped/Images/Patient01063_Plane5_2_of_2.png,Fetal femur,Not A Brain,1063,Voluson E6,0.16618788242340088,good,Limited,the heatmap is not on the skull (38% of it on the skull),0.3771990239620209,True,True,21.196376247599495,17.857658808923354,Not cryptic,Borderline around 20 weeks: it could fall on either side,Possibly cryptic,Borderline around 20 weeks: it could fall on either side,Possibly cryptic,Borderline around 20 weeks: it could fall on either side
Patient00679_Plane5_1_of_1,/home/user/data_fetal_planes_unzipped/Images/Patient00679_Plane5_1_of_1.png,Fetal femur,Not A Brain,679,Other,0.1716289520263672,good,Limited,no skull-like region was found in the image,0.0,,False,22.40506968644342,17.857658808923354,Not cryptic,Borderline around 20 weeks: it could fall on either side,Possibly cryptic,Borderline around 20 weeks: it could fall on either side,Possibly cryptic,Borderline around 20 weeks: it could fall on either side
Patient01173_Plane5_1_of_1,/home/user/data_fetal_planes_unzipped/Images/Patient01173_Plane5_1_of_1.png,Fetal femur,Not A Brain,1173,Voluson E6,0.17349445819854736,good,Limited,the heatmap is not on the skull (26% of it on the skull),0.2592257559299469,True,True,23.61578921479844,17.857658808923354,Not cryptic,May be not cryptic: the pregnancy was known,Cryptic,May be consistent with a cryptic pregnancy,Possibly cryptic,May be cryptic: answer the question above to confirm
Patient01571_Plane5_1_of_1,/home/user/data_fetal_planes_unzipped/Images/Patient01571_Plane5_1_of_1.png,Fetal femur,Not A Brain,1571,Aloka,0.17215889692306519,good,Limited,no skull-like region was found in the image,0.0,,False,19.737732295997738,17.857658808923354,Not cryptic,Borderline around 20 weeks: it could fall on either side,Possibly cryptic,Borderline around 20 weeks: it could fall on either side,Possibly cryptic,Borderline around 20 weeks: it could fall on either side
Patient00750_Plane5_1_of_1,/home/user/data_fetal_planes_unzipped/Images/Patient00750_Plane5_1_of_1.png,Fetal femur,Not A Brain,750,Aloka,0.16503989696502686,good,Limited,the heatmap is not on the skull (40% of it on the skull),0.40153586864471436,True,True,20.394549349064377,17.857658808923354,Not cryptic,Borderline around 20 weeks: it could fall on either side,Possibly cryptic,Borderline around 20 weeks: it could fall on either side,Possibly cryptic,Borderline around 20 weeks: it could fall on either side
Patient01757_Plane5_1_of_1,/home/user/data_fetal_planes_unzipped/Images/Patient01757_Plane5_1_of_1.png,Fetal femur,Not A Brain,1757,Voluson E6,0.16018372774124146,good,Limited,"the heatmap is not on the skull (22% of it on the skull, peak outside)",0.22151215374469757,False,True,20.00210621161169,17.857658808923354,Not cryptic,Borderline around 20 weeks: it could fall on either side,Possibly cryptic,Borderline around 20 weeks: it could fall on either side,Possibly cryptic,Borderline around 20 weeks: it could fall on either side
Patient01740_Plane5_1_of_1,/home/user/data_fetal_planes_unzipped/Images/Patient01740_Plane5_1_of_1.png,Fetal femur,Not A Brain,1740,Aloka,0.1777094602584839,good,Limited,the heatmap is not on the skull (20% of it on the skull),0.20271551609039307,True,True,21.92061750966132,17.857658808923354,Not cryptic,Borderline around 20 weeks: it could fall on either side,Possibly cryptic,Borderline around 20 weeks: it could fall on either side,Possibly cryptic,Borderline around 20 weeks: it could fall on either side
Patient00671_Plane5_1_of_1,/home/user/data_fetal_planes_unzipped/Images/Patient00671_Plane5_1_of_1.png,Fetal femur,Not A Brain,671,Other,0.17293405532836914,good,Limited,"the heatmap is not on the skull (13% of it on the skull, peak outside)",0.13236723840236664,False,True,20.17904258542637,17.857658808923354,Not cryptic,Borderline around 20 weeks: it could fall on either side,Possibly cryptic,Borderline around 20 weeks: it could fall on either side,Possibly cryptic,Borderline around 20 weeks: it could fall on either side
Patient01288_Plane5_1_of_1,/home/user/data_fetal_planes_unzipped/Images/Patient01288_Plane5_1_of_1.png,Fetal femur,Not A Brain,1288,Aloka,0.14150017499923706,good,Limited,"the heatmap is not on the skull (3% of it on the skull, peak outside)",0.02584926225244999,False,True,21.810845410391362,17.857658808923354,Not cryptic,Borderline around 20 weeks: it could fall on either side,Possibly cryptic,Borderline around 20 weeks: it could fall on either side,Possibly cryptic,Borderline around 20 weeks: it could fall on either side
Patient00789_Plane5_1_of_2,/home/user/data_fetal_planes_unzipped/Images/Patient00789_Plane5_1_of_2.png,Fetal femur,Not A Brain,789,Aloka,0.1785823106765747,good,Limited,"the heatmap is not on the skull (3% of it on the skull, peak outside)",0.027486702427268028,False,True,20.76157813665383,17.857658808923354,Not cryptic,Borderline around 20 weeks: it could fall on either side,Possibly cryptic,Borderline around 20 weeks: it could fall on either side,Possibly cryptic,Borderline around 20 weeks: it could fall on either side
Patient01470_Plane5_1_of_1,/home/user/data_fetal_planes_unzipped/Images/Patient01470_Plane5_1_of_1.png,Fetal femur,Not A Brain,1470,Voluson S10,0.17445385456085205,good,Limited,the heatmap is not on the skull (29% of it on the skull),0.28890103101730347,True,True,25.8591942128621,17.857658808923354,Not cryptic,May be not cryptic: the pregnancy was known,Cryptic,May be consistent with a cryptic pregnancy,Possibly cryptic,May be cryptic: answer the question above to confirm
Patient01457_Plane6_1_of_2,/home/user/data_fetal_planes_unzipped/Images/Patient01457_Plane6_1_of_2.png,Fetal thorax,Not A Brain,1457,Voluson E6,0.2248709797859192,reduced,Limited,the image is unusual compared with the training scans (above their 90th percentile),0.7309048771858215,True,True,15.61878516156188,35.704013081067025,Not cryptic,Borderline around 20 weeks: it could fall on either side,Possibly cryptic,Borderline around 20 weeks: it could fall on either side,Possibly cryptic,Borderline around 20 weeks: it could fall on either side
Patient01475_Plane6_1_of_2,/home/user/data_fetal_planes_unzipped/Images/Patient01475_Plane6_1_of_2.png,Fetal thorax,Not A Brain,1475,Voluson S10,0.22055727243423462,reduced,Limited,the image is unusual compared with the training scans (above their 90th percentile),0.6586409211158752,True,True,19.17545752165396,33.209290076235234,Not cryptic,Borderline around 20 weeks: it could fall on either side,Possibly cryptic,Borderline around 20 weeks: it could fall on either side,Possibly cryptic,Borderline around 20 weeks: it could fall on either side
Patient01140_Plane6_2_of_2,/home/user/data_fetal_planes_unzipped/Images/Patient01140_Plane6_2_of_2.png,Fetal thorax,Not A Brain,1140,Aloka,0.21797823905944824,reduced,Limited,the image is unusual compared with the training scans (above their 90th percentile),0.5591814517974854,True,True,18.988732265627775,31.717771675526855,Not cryptic,Borderline around 20 weeks: it could fall on either side,Possibly cryptic,Borderline around 20 weeks: it could fall on either side,Possibly cryptic,Borderline around 20 weeks: it could fall on either side
Patient00719_Plane6_2_of_2,/home/user/data_fetal_planes_unzipped/Images/Patient00719_Plane6_2_of_2.png,Fetal thorax,Not A Brain,719,Aloka,0.1552155613899231,good,Limited,"the heatmap is not on the skull (21% of it on the skull, peak outside)",0.21024131774902344,False,True,25.80316890554098,17.857658808923354,Not cryptic,May be not cryptic: the pregnancy was known,Cryptic,May be consistent with a cryptic pregnancy,Possibly cryptic,May be cryptic: answer the question above to confirm
Patient00815_Plane6_2_of_3,/home/user/data_fetal_planes_unzipped/Images/Patient00815_Plane6_2_of_3.png,Fetal thorax,Not A Brain,815,Other,0.15244531631469727,good,Good,,0.5408976078033447,True,True,20.222495762249043,17.857658808923354,Not cryptic,Borderline around 20 weeks: it could fall on either side,Possibly cryptic,Borderline around 20 weeks: it could fall on either side,Possibly cryptic,Borderline around 20 weeks: it could fall on either side
Patient01092_Plane6_2_of_3,/home/user/data_fetal_planes_unzipped/Images/Patient01092_Plane6_2_of_3.png,Fetal thorax,Not A Brain,1092,Aloka,0.17897164821624756,good,Limited,"the heatmap is not on the skull (18% of it on the skull, peak outside)",0.18454572558403015,False,True,20.091177922738392,17.857658808923354,Not cryptic,Borderline around 20 weeks: it could fall on either side,Possibly cryptic,Borderline around 20 weeks: it could fall on either side,Possibly cryptic,Borderline around 20 weeks: it could fall on either side
Patient00688_Plane6_1_of_1,/home/user/data_fetal_planes_unzipped/Images/Patient00688_Plane6_1_of_1.png,Fetal thorax,Not A Brain,688,Voluson E6,0.17911255359649658,good,Limited,"the heatmap is not on the skull (5% of it on the skull, peak outside)",0.04751807451248169,False,True,23.007178467413436,17.857658808923354,Not cryptic,May be not cryptic: the pregnancy was known,Cryptic,May be consistent with a cryptic pregnancy,Possibly cryptic,May be cryptic: answer the question above to confirm
Patient00837_Plane6_2_of_3,/home/user/data_fetal_planes_unzipped/Images/Patient00837_Plane6_2_of_3.png,Fetal thorax,Not A Brain,837,Voluson E6,0.177229106426239,good,Limited,"the heatmap is not on the skull (11% of it on the skull, peak outside)",0.11405616998672485,False,True,26.82200127492966,17.857658808923354,Not cryptic,May be not cryptic: the pregnancy was known,Cryptic,May be consistent with a cryptic pregnancy,Possibly cryptic,May be cryptic: answer the question above to confirm
Patient00839_Plane6_1_of_2,/home/user/data_fetal_planes_unzipped/Images/Patient00839_Plane6_1_of_2.png,Fetal thorax,Not A Brain,839,Voluson E6,0.16097986698150635,good,Limited,the heatmap is not on the skull (26% of it on the skull),0.262653112411499,True,True,19.119234827878024,17.857658808923354,Not cryptic,Borderline around 20 weeks: it could fall on either side,Possibly cryptic,Borderline around 20 weeks: it could fall on either side,Possibly cryptic,Borderline around 20 weeks: it could fall on either side
Patient00970_Plane4_1_of_4,/home/user/data_fetal_planes_unzipped/Images/Patient00970_Plane4_1_of_4.png,Maternal cervix,Not A Brain,970,Voluson E6,0.17235833406448364,good,Limited,the heatmap is not on the skull (46% of it on the skull),0.46463191509246826,True,True,23.884268797295555,17.857658808923354,Not cryptic,May be not cryptic: the pregnancy was known,Cryptic,May be consistent with a cryptic pregnancy,Possibly cryptic,May be cryptic: answer the question above to confirm
Patient00911_Plane1_3_of_6,/home/user/data_fetal_planes_unzipped/Images/Patient00911_Plane1_3_of_6.png,Other,Not A Brain,911,Aloka,0.1692594289779663,good,Limited,the heatmap is not on the skull (31% of it on the skull),0.30652737617492676,True,True,27.465842675017438,17.857658808923354,Not cryptic,May be not cryptic: the pregnancy was known,Cryptic,May be consistent with a cryptic pregnancy,Possibly cryptic,May be cryptic: answer the question above to confirm
Patient01449_Plane1_4_of_7,/home/user/data_fetal_planes_unzipped/Images/Patient01449_Plane1_4_of_7.png,Other,Not A Brain,1449,Aloka,0.1476510763168335,good,Limited,the heatmap is not on the skull (27% of it on the skull),0.26919063925743103,True,True,25.15512038258662,17.857658808923354,Not cryptic,May be not cryptic: the pregnancy was known,Cryptic,May be consistent with a cryptic pregnancy,Possibly cryptic,May be cryptic: answer the question above to confirm
Patient01657_Plane1_2_of_2,/home/user/data_fetal_planes_unzipped/Images/Patient01657_Plane1_2_of_2.png,Other,Not A Brain,1657,Aloka,0.16366064548492432,good,Limited,the heatmap is not on the skull (28% of it on the skull),0.2791495621204376,True,True,30.648475860889633,17.857658808923354,Not cryptic,May be not cryptic: the pregnancy was known,Cryptic,May be consistent with a cryptic pregnancy,Possibly cryptic,May be cryptic: answer the question above to confirm
Patient01272_Plane1_7_of_14,/home/user/data_fetal_planes_unzipped/Images/Patient01272_Plane1_7_of_14.png,Other,Not A Brain,1272,Aloka,0.2215653657913208,reduced,Limited,the image is unusual compared with the training scans (above their 90th percentile),0.6144786477088928,True,True,17.878003987624155,33.79229524647676,Not cryptic,Borderline around 20 weeks: it could fall on either side,Possibly cryptic,Borderline around 20 weeks: it could fall on either side,Possibly cryptic,Borderline around 20 weeks: it could fall on either side
Patient01547_Plane1_12_of_18,/home/user/data_fetal_planes_unzipped/Images/Patient01547_Plane1_12_of_18.png,Other,Not A Brain,1547,Aloka,0.1729108691215515,good,Limited,"the heatmap is not on the skull (12% of it on the skull, peak outside)",0.11700044572353363,False,True,19.882167888661336,17.857658808923354,Not cryptic,Borderline around 20 weeks: it could fall on either side,Possibly cryptic,Borderline around 20 weeks: it could fall on either side,Possibly cryptic,Borderline around 20 weeks: it could fall on either side
Patient00673_Plane1_1_of_1,/home/user/data_fetal_planes_unzipped/Images/Patient00673_Plane1_1_of_1.png,Other,Not A Brain,673,Other,0.17970657348632812,good,Limited,"the heatmap is not on the skull (20% of it on the skull, peak outside)",0.197797492146492,False,True,24.505965465232162,17.857658808923354,Not cryptic,May be not cryptic: the pregnancy was known,Cryptic,May be consistent with a cryptic pregnancy,Possibly cryptic,May be cryptic: answer the question above to confirm
Patient01548_Plane1_5_of_7,/home/user/data_fetal_planes_unzipped/Images/Patient01548_Plane1_5_of_7.png,Other,Not A Brain,1548,Aloka,0.1811133623123169,good,Limited,the heatmap is not on the skull (39% of it on the skull),0.38994431495666504,True,True,27.147138534781874,17.857658808923354,Not cryptic,May be not cryptic: the pregnancy was known,Cryptic,May be consistent with a cryptic pregnancy,Possibly cryptic,May be cryptic: answer the question above to confirm
Patient01307_Plane1_12_of_25,/home/user/data_fetal_planes_unzipped/Images/Patient01307_Plane1_12_of_25.png,Other,Not A Brain,1307,Aloka,0.18178999423980713,good,Limited,"the heatmap is not on the skull (28% of it on the skull, peak outside)",0.2815590798854828,False,True,23.37402130414116,17.857658808923354,Not cryptic,May be not cryptic: the pregnancy was known,Cryptic,May be consistent with a cryptic pregnancy,Possibly cryptic,May be cryptic: answer the question above to confirm
Patient01655_Plane1_5_of_12,/home/user/data_fetal_planes_unzipped/Images/Patient01655_Plane1_5_of_12.png,Other,Not A Brain,1655,Aloka,0.16826379299163818,good,Limited,"the heatmap is not on the skull (3% of it on the skull, peak outside)",0.02869572676718235,False,True,18.174809253040213,17.857658808923354,Not cryptic,Borderline around 20 weeks: it could fall on either side,Possibly cryptic,Borderline around 20 weeks: it could fall on either side,Possibly cryptic,Borderline around 20 weeks: it could fall on either side
