group,case,file_before,answer,age_headline_before,image_check_before,screening_badge_before,screening_label_before,no_estimate_reason_before,file_after,age_headline_after,image_check_after,screening_badge_after,screening_label_after,no_estimate_reason_after
main cases,hc18_standin_709_2HC,709_2HC.png,Yes,29 weeks 1 day,Good,Not cryptic,Not cryptic: the pregnancy was known,,709_2HC.png,29 weeks 1 day,Good,Not cryptic,Not cryptic: the pregnancy was known,
main cases,hc18_standin_709_2HC,709_2HC.png,No,29 weeks 1 day,Good,Cryptic,Consistent with a cryptic pregnancy,,709_2HC.png,29 weeks 1 day,Good,Cryptic,Consistent with a cryptic pregnancy,
main cases,hc18_standin_709_2HC,709_2HC.png,Not sure,29 weeks 1 day,Good,Possibly cryptic,Possibly cryptic: answer the question above to confirm,,709_2HC.png,29 weeks 1 day,Good,Possibly cryptic,Possibly cryptic: answer the question above to confirm,
main cases,hc18_standin_testset_000_HC,000_HC.png,Yes,29 weeks 1 day,Good,Not cryptic,Not cryptic: the pregnancy was known,,000_HC.png,29 weeks 1 day,Good,Not cryptic,Not cryptic: the pregnancy was known,
main cases,hc18_standin_testset_000_HC,000_HC.png,No,29 weeks 1 day,Good,Cryptic,Consistent with a cryptic pregnancy,,000_HC.png,29 weeks 1 day,Good,Cryptic,Consistent with a cryptic pregnancy,
main cases,hc18_standin_testset_000_HC,000_HC.png,Not sure,29 weeks 1 day,Good,Possibly cryptic,Possibly cryptic: answer the question above to confirm,,000_HC.png,29 weeks 1 day,Good,Possibly cryptic,Possibly cryptic: answer the question above to confirm,
main cases,abdomen_cryptic_before,Patient00773_Plane2_1_of_1.png,Yes,23 weeks 0 days,Limited,Not cryptic,May be not cryptic: the pregnancy was known,,Patient00773_Plane2_1_of_1.png,No estimate,,Cannot assess,Cannot assess,"This image does not look like a standard fetal head view, so no estimate is given."
main cases,abdomen_cryptic_before,Patient00773_Plane2_1_of_1.png,No,23 weeks 0 days,Limited,Cryptic,May be consistent with a cryptic pregnancy,,Patient00773_Plane2_1_of_1.png,No estimate,,Cannot assess,Cannot assess,"This image does not look like a standard fetal head view, so no estimate is given."
main cases,abdomen_cryptic_before,Patient00773_Plane2_1_of_1.png,Not sure,23 weeks 0 days,Limited,Possibly cryptic,May be cryptic: answer the question above to confirm,,Patient00773_Plane2_1_of_1.png,No estimate,,Cannot assess,Cannot assess,"This image does not look like a standard fetal head view, so no estimate is given."
main cases,abdomen_poor_showed_age,Patient01500_Plane2_1_of_1.png,Yes,21 weeks 5 days,Poor,Cannot assess,Cannot assess,,Patient01500_Plane2_1_of_1.png,No estimate,,Cannot assess,Cannot assess,"This image does not look like a standard fetal head view, so no estimate is given."
main cases,abdomen_poor_showed_age,Patient01500_Plane2_1_of_1.png,No,21 weeks 5 days,Poor,Cannot assess,Cannot assess,,Patient01500_Plane2_1_of_1.png,No estimate,,Cannot assess,Cannot assess,"This image does not look like a standard fetal head view, so no estimate is given."
main cases,abdomen_poor_showed_age,Patient01500_Plane2_1_of_1.png,Not sure,21 weeks 5 days,Poor,Cannot assess,Cannot assess,,Patient01500_Plane2_1_of_1.png,No estimate,,Cannot assess,Cannot assess,"This image does not look like a standard fetal head view, so no estimate is given."
main cases,femur,Patient01288_Plane5_1_of_1.png,Yes,21 weeks 6 days,Limited,Not cryptic,Borderline around 20 weeks: it could fall on either side,,Patient01288_Plane5_1_of_1.png,No estimate,,Cannot assess,Cannot assess,"This image does not look like a standard fetal head view, so no estimate is given."
main cases,femur,Patient01288_Plane5_1_of_1.png,No,21 weeks 6 days,Limited,Possibly cryptic,Borderline around 20 weeks: it could fall on either side,,Patient01288_Plane5_1_of_1.png,No estimate,,Cannot assess,Cannot assess,"This image does not look like a standard fetal head view, so no estimate is given."
main cases,femur,Patient01288_Plane5_1_of_1.png,Not sure,21 weeks 6 days,Limited,Possibly cryptic,Borderline around 20 weeks: it could fall on either side,,Patient01288_Plane5_1_of_1.png,No estimate,,Cannot assess,Cannot assess,"This image does not look like a standard fetal head view, so no estimate is given."
main cases,thorax,Patient01063_Plane6_1_of_1.png,Yes,18 weeks 4 days,Limited,Not cryptic,Borderline around 20 weeks: it could fall on either side,,Patient01063_Plane6_1_of_1.png,No estimate,,Cannot assess,Cannot assess,"This image does not look like a standard fetal head view, so no estimate is given."
main cases,thorax,Patient01063_Plane6_1_of_1.png,No,18 weeks 4 days,Limited,Possibly cryptic,Borderline around 20 weeks: it could fall on either side,,Patient01063_Plane6_1_of_1.png,No estimate,,Cannot assess,Cannot assess,"This image does not look like a standard fetal head view, so no estimate is given."
main cases,thorax,Patient01063_Plane6_1_of_1.png,Not sure,18 weeks 4 days,Limited,Possibly cryptic,Borderline around 20 weeks: it could fall on either side,,Patient01063_Plane6_1_of_1.png,No estimate,,Cannot assess,Cannot assess,"This image does not look like a standard fetal head view, so no estimate is given."
main cases,trans_thalamic_refused_by_current_check,Patient01322_Plane3_3_of_4.png,Yes,No estimate,,Cannot assess,Cannot assess,This does not look like a standard head circumference view. The estimate would be unreliable.,Patient01322_Plane3_3_of_4.png,No estimate,,Cannot assess,Cannot assess,This does not look like a standard head circumference view. The estimate would be unreliable.
main cases,trans_thalamic_refused_by_current_check,Patient01322_Plane3_3_of_4.png,No,No estimate,,Cannot assess,Cannot assess,This does not look like a standard head circumference view. The estimate would be unreliable.,Patient01322_Plane3_3_of_4.png,No estimate,,Cannot assess,Cannot assess,This does not look like a standard head circumference view. The estimate would be unreliable.
main cases,trans_thalamic_refused_by_current_check,Patient01322_Plane3_3_of_4.png,Not sure,No estimate,,Cannot assess,Cannot assess,This does not look like a standard head circumference view. The estimate would be unreliable.,Patient01322_Plane3_3_of_4.png,No estimate,,Cannot assess,Cannot assess,This does not look like a standard head circumference view. The estimate would be unreliable.
main cases,trans_thalamic_accepted,Patient01056_Plane3_1_of_2.png,Yes,36 weeks 1 day,Good,Not cryptic,Not cryptic: the pregnancy was known,,Patient01056_Plane3_1_of_2.png,36 weeks 1 day,Good,Not cryptic,Not cryptic: the pregnancy was known,
main cases,trans_thalamic_accepted,Patient01056_Plane3_1_of_2.png,No,36 weeks 1 day,Good,Cryptic,Consistent with a cryptic pregnancy,,Patient01056_Plane3_1_of_2.png,36 weeks 1 day,Good,Cryptic,Consistent with a cryptic pregnancy,
main cases,trans_thalamic_accepted,Patient01056_Plane3_1_of_2.png,Not sure,36 weeks 1 day,Good,Possibly cryptic,Possibly cryptic: answer the question above to confirm,,Patient01056_Plane3_1_of_2.png,36 weeks 1 day,Good,Possibly cryptic,Possibly cryptic: answer the question above to confirm,
poor / first-trimester,fixture_crl_week12,crl_week12.png,No,No estimate,,Cannot assess,Cannot assess,This does not look like a standard head circumference view. The estimate would be unreliable.,crl_week12.png,No estimate,,Cannot assess,Cannot assess,"This image does not look like a standard fetal head view, so no estimate is given."
poor / first-trimester,fixture_week12_user_crop,week12_user_crop.png,No,14 weeks 0 days,Poor,Cannot assess,Cannot assess,,week12_user_crop.png,No estimate,,Cannot assess,Cannot assess,"The image check is Poor (the heatmap is not on the skull (9% of it on the skull, peak outside); the image is unusual compared with the training scans (above their 90th percentile)), so an age estimate would be unreliable."
poor / first-trimester,poor_head_passes_head_check,Patient01426_Plane3_1_of_4.png,Yes,20 weeks 0 days,Poor,Cannot assess,Cannot assess,,Patient01426_Plane3_1_of_4.png,No estimate,,Cannot assess,Cannot assess,"The image check is Poor (the heatmap is not on the skull (44% of it on the skull); the image is unusual compared with the training scans (above their 90th percentile)), so an age estimate would be unreliable."
poor / first-trimester,poor_head_passes_head_check,Patient01426_Plane3_1_of_4.png,No,20 weeks 0 days,Poor,Cannot assess,Cannot assess,,Patient01426_Plane3_1_of_4.png,No estimate,,Cannot assess,Cannot assess,"The image check is Poor (the heatmap is not on the skull (44% of it on the skull); the image is unusual compared with the training scans (above their 90th percentile)), so an age estimate would be unreliable."
poor / first-trimester,poor_head_passes_head_check,Patient01426_Plane3_1_of_4.png,Not sure,20 weeks 0 days,Poor,Cannot assess,Cannot assess,,Patient01426_Plane3_1_of_4.png,No estimate,,Cannot assess,Cannot assess,"The image check is Poor (the heatmap is not on the skull (44% of it on the skull); the image is unusual compared with the training scans (above their 90th percentile)), so an age estimate would be unreliable."
