operating_point,group,n,current_alone_gets_age_pct,current_alone_gets_age_ci_low,current_alone_gets_age_ci_high,current_alone_gets_age_k,combined_gets_age_pct,combined_gets_age_ci_low,combined_gets_age_ci_high,combined_gets_age_k,current_alone_gets_cryptic_or_possibly_pct,current_alone_gets_cryptic_or_possibly_ci_low,current_alone_gets_cryptic_or_possibly_ci_high,current_alone_gets_cryptic_or_possibly_k,combined_gets_cryptic_or_possibly_pct,combined_gets_cryptic_or_possibly_ci_low,combined_gets_cryptic_or_possibly_ci_high,combined_gets_cryptic_or_possibly_k,current_alone_gets_a_verdict_pct,current_alone_gets_a_verdict_ci_low,current_alone_gets_a_verdict_ci_high,current_alone_gets_a_verdict_k,combined_gets_a_verdict_pct,combined_gets_a_verdict_ci_low,combined_gets_a_verdict_ci_high,combined_gets_a_verdict_k
95,"non-head, all",1860,24.6,21.0,28.4,457,0.1,0.0,0.3,2,5.9,4.4,7.5,109.0,0.1,0.0,0.3,2.0,,,,,,,,
95,"non-head, without Other",989,24.6,21.0,28.2,243,0.2,0.0,0.5,2,5.5,4.0,7.2,54.0,0.2,0.0,0.5,2.0,,,,,,,,
95,Fetal abdomen,134,42.5,33.6,51.2,57,0.0,0.0,0.0,0,16.4,9.9,23.8,22.0,0.0,0.0,0.0,0.0,,,,,,,,
95,Fetal femur,220,32.3,25.3,39.4,71,0.5,0.0,1.4,1,8.2,4.9,12.0,18.0,0.5,0.0,1.4,1.0,,,,,,,,
95,Fetal thorax,346,29.2,22.2,36.6,101,0.3,0.0,0.9,1,4.0,1.9,6.6,14.0,0.3,0.0,0.9,1.0,,,,,,,,
95,Maternal cervix,289,4.8,1.5,9.1,14,0.0,0.0,0.0,0,0.0,0.0,0.0,0.0,0.0,0.0,0.0,0.0,,,,,,,,
95,Other,871,24.6,18.7,31.4,214,0.0,0.0,0.0,0,6.3,4.1,9.0,55.0,0.0,0.0,0.0,0.0,,,,,,,,
95,heads,618,75.4,70.2,80.0,466,72.8,67.9,77.3,450,,,,,,,,,57.3,51.5,62.7,354.0,55.8,50.1,61.3,345.0
98,"non-head, all",1860,24.6,21.0,28.4,457,0.8,0.4,1.2,14,5.9,4.4,7.5,109.0,0.4,0.1,0.7,7.0,,,,,,,,
98,"non-head, without Other",989,24.6,21.0,28.2,243,0.7,0.3,1.3,7,5.5,4.0,7.2,54.0,0.3,0.0,0.7,3.0,,,,,,,,
98,Fetal abdomen,134,42.5,33.6,51.2,57,0.0,0.0,0.0,0,16.4,9.9,23.8,22.0,0.0,0.0,0.0,0.0,,,,,,,,
98,Fetal femur,220,32.3,25.3,39.4,71,1.4,0.0,3.0,3,8.2,4.9,12.0,18.0,0.9,0.0,2.3,2.0,,,,,,,,
98,Fetal thorax,346,29.2,22.2,36.6,101,0.9,0.0,2.0,3,4.0,1.9,6.6,14.0,0.3,0.0,0.9,1.0,,,,,,,,
98,Maternal cervix,289,4.8,1.5,9.1,14,0.3,0.0,1.1,1,0.0,0.0,0.0,0.0,0.0,0.0,0.0,0.0,,,,,,,,
98,Other,871,24.6,18.7,31.4,214,0.8,0.2,1.6,7,6.3,4.1,9.0,55.0,0.5,0.1,0.9,4.0,,,,,,,,
98,heads,618,75.4,70.2,80.0,466,75.2,70.0,79.7,465,,,,,,,,,57.3,51.5,62.7,354.0,57.1,51.3,62.5,353.0
